Identifier (RIC),Company Name,"Total Current Assets
(FY-2, usd)","Revenue
(FY-2, usd)","Gross Profit
(FY-2, usd)","Asset Turnover
(FY-2)","Net Profit Margin, (%)
(FY-2)","Total Debt to Total Equity, Percent
(FY-2)","ESG Score
(FY-2)","Environmental Pillar Score
(FY-2)","Social Pillar Score
(FY-2)","Governance Pillar Score
(FY-2)"
CCL.N,Carnival Corp,10133000000.0,1908000000.0,-809000000.0,0.04,-4.98,2.74,69.78,68.74,58.18,88.11
CCL.L,Carnival PLC,10133000000.0,1908000000.0,-2155000000.0,0.04,-4.98,2.74,77.64,80.02,88.74,58.85
MGM.N,MGM Resorts International,6416182000.0,9680140000.0,4649531000.0,0.25,0.12,2.13,63.41,86.09,53.66,57.63
TNL.N,Travel + Leisure Co,4380000000.0,3134000000.0,1537000000.0,0.44,0.1,2.0,62.42,86.74,54.22,52.85
MAR.OQ,Marriott International Inc,3626000000.0,13857000000.0,2801000000.0,0.55,0.08,7.17,84.13,82.92,89.92,76.53
RCL.N,Royal Caribbean Cruises Ltd,3600271000.0,1532133000.0,-1083258000.0,0.05,-3.43,4.15,70.05,78.7,78.23,50.0
ACCP.PA,Accor SA,3500215992.54,2505513493.85,2444126139.64,0.21,-0.01,0.82,81.22,77.48,89.2,72.6
NCLH.N,Norwegian Cruise Line Holdings Ltd,3301568000.0,647986000.0,-960051000.0,0.03,-6.96,5.12,65.65,73.81,63.63,61.35
WYNN.OQ,Wynn Resorts Ltd,2875917000.0,3763664000.0,1205083000.0,0.29,-0.2,2.0,77.06,70.65,76.92,83.03
HLT,Hilton Worldwide Holdings Inc,2350000000.0,5788000000.0,2334000000.0,0.37,0.07,2.0,84.24,87.58,79.93,87.7
IHG.L,InterContinental Hotels Group PLC,2066000000.0,2907000000.0,893000000.0,0.6,0.09,2.0,82.99,87.52,85.75,74.77
H.N,Hyatt Hotels Corp,2062000000.0,3028000000.0,1389000000.0,0.28,-0.07,1.12,57.01,75.49,53.51,45.63
WTB.L,Whitbread PLC,1692535600.37,2273352106.66,2077700222.88,0.19,0.03,1.14,80.4,70.71,82.0,86.7
1992.HK,Fosun Tourism Group,1567632121.66,1458017506.02,404112183.37,0.24,-0.29,8.32,46.0,50.0,52.0,48.0
600754.SS,Shanghai Jin Jiang International Hotels Co Ltd,1554524402.95,1794628313.47,615963375.89,0.26,0.01,1.43,45.65,26.81,51.42,53.95
1179.HK,H World Group Ltd,1503912092.06,2012720202.77,1155838226.73,0.2,-0.04,1.15,45.86,35.23,57.26,38.32
MINT.BK,Minor International PCL,1487002783.03,2090910609.39,663972564.55,0.19,-0.21,3.31,90.0,94.91,88.88,87.25
0069.HK,Shangri-La Asia Ltd,1344063000.0,1241049000.0,544522000.0,0.09,-0.23,1.07,71.6,69.61,72.05,72.7
ODHN.S,Orascom Development Holding AG,1185662267.05,590332613.46,119362321.86,0.28,-0.01,1.37,18.26,0.0,26.36,22.55
PVAC.PA,Pierre et Vacances SA,1148190610.58,1579909065.08,1178129562.67,0.42,0.18,2.0,53.0,52.0,48.0,52.0
4681.T,Resorttrust Inc,1146950517.84,1296909419.69,1112354101.59,0.39,0.04,0.68,37.59,38.29,31.87,45.55
ORHD.CA,Orascom Development Egypt SAE,975425302.68,450417512.77,116888768.2,0.34,0.17,0.83,48.0,44.0,50.0,50.0
0078.HK,Regal Hotels International Holdings Ltd,765489109.52,126555324.66,30208573.85,0.03,-0.5,1.12,48.0,47.0,53.0,52.0
CHH.N,Choice Hotels International Inc,761661000.0,1069298000.0,624352000.0,0.61,0.27,3.99,52.31,32.04,53.01,69.5
WH.N,Wyndham Hotels & Resorts Inc,720000000.0,1565000000.0,880000000.0,0.35,0.16,1.91,53.47,55.48,63.67,36.36
6425.T,Universal Entertainment Corp,675556134.86,785844629.82,404388251.65,0.16,-0.21,0.51,15.53,0.0,7.71,41.23
600258.SS,BTG Hotels Group Co Ltd,622197185.18,968669673.02,253302100.09,0.28,0.01,1.04,25.32,12.15,3.73,69.57
9616.T,Kyoritsu Maintenance Co Ltd,599646555.98,1427757685.35,181177050.8,0.72,0.0,1.93,5.48,0.65,8.14,5.82
NHH.MC,Minor Hotels Europe & Americas SA,458125866.81,848605142.9,812144464.91,0.18,-0.18,3.74,90.97,96.08,94.91,80.45
FTAL.TA,Fattal Holdings 1998 Ltd,452471414.31,979375140.92,504562759.69,0.14,-0.07,9.17,53.0,49.0,49.0,55.0
0051.HK,Harbour Centre Development Ltd,441776341.11,575181507.99,141229893.02,0.2,-0.01,0.09,51.0,49.0,53.0,52.0
0169.HK,Wanda Hotel Development Co Ltd,426922188.87,112067908.36,59253187.61,0.13,0.27,0.51,47.0,48.0,53.0,53.0
GPPL.CA,Golden Pyramids Plaza SAE,415039600.0,96475730.0,36687510.0,0.05,0.05,0.51,47.0,54.0,44.0,56.0
RLHA.MX,RLH Properties SAB de CV,387537023.48,280318152.98,86267849.0,0.18,0.03,0.62,54.0,50.0,53.0,57.0
9722.T,Fujita Kanko Inc,384741049.7,247071602.36,-114685436.22,0.27,0.44,2.04,46.0,47.0,44.0,56.0
BANY.SI,Banyan Tree Holdings Ltd,379438102.3,163994069.68,81903632.32,0.15,-0.25,0.95,50.0,47.0,45.0,56.0
MEL.MC,Melia Hotels International SA,367453334.24,940372416.62,757889411.82,0.2,-0.23,9.72,84.62,94.42,88.78,69.56
IHTL.NS,Indian Hotels Company Ltd,352312342.06,402656604.49,291621761.92,0.25,-0.08,0.55,74.33,64.05,68.98,91.6
MAHH.NS,Mahindra Holidays and Resorts India Ltd,322448795.41,265251984.81,214299828.46,0.23,0.03,10.28,51.0,47.0,48.0,52.0
SFLD.SI,Stamford Land Corporation Ltd,320654709.18,118611603.19,108869943.9,0.13,0.2,0.56,49.0,54.0,47.0,50.0
MOIL.SI,Mandarin Oriental International Ltd,289100000.0,316900000.0,55600000.0,0.07,-0.45,0.27,48.43,80.12,55.56,9.22
GHG.N,GreenTree Hospitality Group Ltd,288283611.72,309789679.0,84432625.0,0.45,0.05,0.38,12.52,0.0,12.15,24.36
IFAH.KW,IFA Hotels and Resorts Co KPSC,286003144.34,136765365.9,48190315.43,0.17,-0.04,17.7,49.0,46.0,52.0,50.0
ADNH.AD,Abu Dhabi National Hotels Co PJSC,264375102.11,294617164.95,50230626.8,0.11,0.25,0.33,47.69,34.26,24.61,94.39
9708.T,Imperial Hotel Ltd,256460627.98,235221108.01,182023672.53,0.46,-0.28,0.0,48.0,49.0,51.0,58.0
HGCS.SI,Hotel Grand Central Ltd,253955522.61,91225352.11,78703608.0,0.08,0.11,0.02,47.0,53.0,49.0,49.0
000524.SZ,Guangzhou Lingnan Group Holdings Co Ltd,252641041.55,240285549.66,46775990.62,0.46,-0.08,0.02,46.0,52.0,45.0,48.0
601007.SS,Jinling Hotel Corp Ltd,246156762.33,216302100.09,68840037.15,0.4,0.02,0.6,50.0,47.0,53.0,56.0
MHV.CY,MHV Mediterranean Hospitality Venture Plc,243822488.23,73775049.45,51083986.99,0.21,0.72,0.33,46.0,47.0,49.0,50.0
POSADASA.MX,Grupo Posadas SAB de CV,243618880.27,361533362.62,92965831.99,0.4,0.01,13.55,35.52,30.92,36.97,37.48
1189.HK,Greater Bay Area Dynamic Growth Holding Ltd,239077435.08,8662719.45,1461888.73,0.03,-0.86,0.01,51.0,46.0,48.0,47.0
0126.HK,Carrianna Group Holdings Company Ltd,238510616.57,99739533.46,47754497.52,0.11,0.01,0.44,55.0,47.0,46.0,54.0
SPEN.CM,Aitken Spence PLC,234132214.53,187377965.4,103578069.2,0.31,0.2,1.29,64.38,73.65,68.41,50.0
TAL1T.TL,Tallink Grupp AS,231235932.06,542183343.56,24150239.87,0.31,-0.12,1.13,51.0,54.0,45.0,52.0
PPH.L,PPHE Hotel Group Ltd,230148143.14,191269701.68,91307834.0,0.09,-0.37,3.66,59.39,59.13,42.94,84.29
ATAT.OQ,Atour Lifestyle Holdings Ltd,222952566.87,338089293.3,82749000.0,1.02,0.06,0.19,47.0,45.0,46.0,55.0
ISRO.TA,Isrotel Ltd,222421167.91,517817824.59,224310561.41,0.49,0.16,0.69,48.0,50.0,50.0,54.0
HPPS.SI,Hotel Properties Ltd,213360266.86,255167531.5,27679762.79,0.1,-0.02,0.66,26.45,44.97,9.14,35.75
LIND.OQ,Lindblad Expeditions Holdings Inc,210340000.0,147107000.0,22623000.0,0.19,-0.85,102.43,17.87,6.48,17.43,28.77
NCTH.AD,National Corp for Tourism and Hotels,204461229.1,206764199.75,28242746.28,0.27,0.13,0.16,28.7,33.73,27.56,25.87
0184.HK,Keck Seng Investments Hong Kong Ltd,202145385.98,61940788.63,56292619.1,0.09,-0.41,0.55,48.0,52.0,49.0,50.0
000428.SZ,Huatian Hotel Group Co Ltd,194686184.1,93535910.96,17109077.31,0.1,0.14,1.42,45.0,53.0,49.0,51.0
RIVP.ZA,Valamar Riviera dd,187351461.93,247773137.35,184772184.71,0.24,0.06,1.37,49.0,53.0,51.0,54.0
006730.KQ,Seobu T&D Co Ltd,181685170.42,81427552.54,25580149.42,0.05,0.42,1.27,54.0,52.0,53.0,58.0
IHI.MT,International Hotel Investments PLC,181654275.52,146949957.94,72352954.55,0.08,-0.22,1.08,53.0,47.0,49.0,57.0
0045.HK,Hongkong and Shanghai Hotels Ltd,178429410.71,443957002.49,404192000.82,0.06,-0.04,0.45,46.0,51.0,53.0,55.0
LRH.BK,Laguna Resorts and Hotels PCL,177779329.52,43845033.4,5086725.85,0.06,-0.71,0.68,51.0,44.0,51.0,51.0
ALFH.DU,Al Firdous Holdings PJSC,169590532.59,0.0,0.0,0.0,-1.0,0.0,52.0,52.0,52.0,52.0
DXT.TO,Dexterra Group Inc,165375178.09,580481241.1,80451955.04,1.4,0.03,0.3,57.1,68.83,59.56,42.88
MCK.NZ,Millennium & Copthorne Hotels New Zealand Ltd,152292175.62,112440119.56,58862988.09,0.2,0.24,0.03,51.0,47.0,45.0,57.0
2707.TW,Formosa International Hotels Corp,146618793.3,177926313.51,48074227.77,0.45,0.44,0.68,7.51,7.03,8.55,6.37
SHOTE.ST,Scandic Hotels Group AB,146583768.48,1115806708.56,774294185.33,0.24,-0.17,34.84,79.66,89.93,70.61,84.01
IFAG.H,Ls Invest AG,144194347.82,83883545.92,40675942.98,0.13,-0.32,0.32,54.0,47.0,48.0,54.0
SHR.BK,S Hotels and Resorts PCL,142129638.58,135794584.11,27580420.4,0.14,-0.27,1.14,48.0,45.0,48.0,51.0
DANH.TA,Dan Hotels Ltd,134616227.01,312839243.73,78338003.67,0.39,0.02,1.05,53.0,47.0,51.0,49.0
1215.HK,Kai Yuan Holdings Ltd,130415993.23,12049308.6,-5685112.5,0.02,-1.75,0.77,53.0,53.0,45.0,55.0
MABA.JK,Marga Abhinaya Abadi Tbk PT,119153363.54,15713170.5,6775102.64,0.09,-0.32,1.73,52.0,51.0,50.0,50.0
2702.TW,Holiday Garden Hotel Co Ltd,115392790.13,29631423.21,22651991.92,0.11,-0.19,2.0,47.0,52.0,48.0,52.0
LAGP.ZA,Plava Laguna dd,115324285.52,152151500.58,109032896.8,0.3,0.15,0.3,51.0,47.0,51.0,49.0
HEET.SI,Heeton Holdings Ltd,109607116.38,37395848.78,33477390.66,0.05,0.37,1.0,45.0,51.0,48.0,50.0
1221.HK,Sino Hotels (Holdings) Ltd,109020007.14,16416745.69,9248102.27,0.03,-0.72,0.0,47.0,46.0,52.0,50.0
MUIB.KL,Malayan United Industries Bhd,107752383.11,77003858.37,31312528.37,0.24,-0.14,14.58,20.99,6.91,13.88,44.32
AMRA.SI,Amara Holdings Ltd,107274277.24,49572275.76,44444032.62,0.08,0.11,0.94,55.0,44.0,46.0,57.0
5534.T,Angel Group Inc,106496092.4,54414896.37,38061463.73,0.44,0.04,0.12,47.0,47.0,46.0,53.0
DHG.I,Dalata Hotel Group PLC,105502125.82,218254780.26,148585817.25,0.11,-0.03,0.83,51.18,63.94,31.29,69.53
MPHB.KL,MPHB Capital Bhd,101307156.58,5926272.81,3762487.99,0.01,-1.27,0.0,52.0,51.0,48.0,56.0
SOND.OQ,Sonder Holdings Inc,98981000.0,232944000.0,207999000.0,1.43,-1.26,2.0,47.0,52.0,45.0,51.0
6547.T,Greens Co Ltd,96956722.91,187410948.21,17901200.91,1.18,-0.09,15.41,49.0,50.0,53.0,48.0
HCITY.MX,Promotora de Hoteles Norte 19 SAB de CV,93479865.28,110987504.27,95213403.62,0.15,-0.17,1.0,53.0,47.0,46.0,57.0
ASUN.VF,African Sun Ltd,92514473.0,172158433.0,119491467.0,0.45,2.22,0.02,54.0,44.0,51.0,53.0
RISE.JK,Jaya Sukses Makmur Sentosa Tbk PT,90484158.95,17480935.08,7359428.29,0.1,0.2,0.1,49.0,51.0,52.0,57.0
CIDMEGA.MX,Grupe SAB de CV,90397227.51,123351637.62,78575143.0,0.26,0.1,0.44,51.0,49.0,53.0,51.0
GRAND.BK,Grande Asset Hotels and Property PCL,89951871.5,15487530.54,-9828489.62,0.03,-3.36,2.63,45.0,47.0,53.0,53.0
UNIQ.DH,Unique Hotel & Resorts Ltd,88441968.9,7986284.62,5199826.65,0.02,-0.19,0.42,47.0,51.0,49.0,50.0
EIHO.NS,EIH Ltd,88244617.36,129807618.83,99778133.21,0.24,-0.09,0.16,25.91,27.65,23.63,27.77
HIMR.ZA,Imperial Riviera dd,87963494.99,43162251.32,31571985.77,0.16,0.05,0.16,51.0,46.0,52.0,58.0
JSPT.JK,Jakarta Setiabudi Internasional Tbk PT,87612607.93,38791636.07,23320396.98,0.1,-0.38,1.11,54.0,49.0,47.0,51.0
9675.T,Joban Kosan Co Ltd,86840374.82,91081703.11,2515206.31,0.22,-0.25,4.23,52.0,45.0,52.0,52.0
1820.SE,Abdulmohsen Al-Hokair Group for Tourism and Development Company SJSC,86595449.94,188719963.77,116940700.09,0.32,-0.25,4.01,55.0,48.0,51.0,54.0
SSUJ.J,Southern Sun Ltd,85868061.74,178309755.0,84843949.0,0.19,-0.03,0.68,42.26,49.76,49.28,25.0
CBRH.CY,Constantinou Bros Hotels PCL,85168963.01,22910215.31,5827740.26,0.09,-0.07,1.16,54.0,49.0,53.0,54.0
070960.KS,Mona Yongpyong Co Ltd,84917502.44,198937771.19,42755044.88,0.27,0.04,0.54,51.0,51.0,48.0,49.0
CHAL.NS,Chalet Hotels Ltd,84609243.04,66903509.03,50034650.22,0.12,-0.15,1.94,42.67,49.34,37.46,44.49
PKSV.PSX,Pakistan Services Ltd,81720446.9,44924744.49,13406259.13,0.13,-0.06,0.53,47.0,48.0,52.0,53.0
NMHL.MZ,New Mauritius Hotels Ltd,80092255.38,178049297.94,150976217.64,0.21,-0.01,2.69,52.0,52.0,52.0,57.0
ERW.BK,Erawan Group PCL,79911383.39,44703167.02,89154589.0,0.07,-1.38,2.48,40.53,36.75,23.95,68.81
3010.T,Polaris Holdings Co Ltd,76956953.81,30512304.78,28182040.11,0.44,-0.49,51.51,51.0,53.0,50.0,57.0
WPI.PS,Waterfront Philippines Inc,72358045.7,19568310.45,11187833.5,0.06,0.56,0.11,45.0,54.0,48.0,56.0
SHANG.BK,Shangri-La Hotel PCL,71541639.18,10066440.87,2487788.14,0.04,-1.47,0.0,54.0,49.0,46.0,57.0
JGLE.JK,Graha Andrasentra Propertindo Tbk PT,71353754.39,6089824.56,905824.56,0.03,-1.17,0.27,54.0,50.0,44.0,57.0
AREN.ZA,Arena Hospitality Group dd,66395145.85,69510211.9,68566911.08,0.14,0.07,0.98,51.0,54.0,53.0,53.0
DUSIT.BK,Dusit Thani PCL,66284863.08,66035510.08,4530303.94,0.09,-0.43,4.34,45.0,52.0,49.0,55.0
MIN.L,Minoan Group PLC,64265275.67,0.0,0.0,0.0,-1.0,0.06,52.0,54.0,48.0,49.0
4691.T,Washington Hotel Corp,62794607.92,70260356.73,-20153378.27,0.29,-0.38,7.81,52.0,52.0,50.0,51.0
301073.SZ,SSAW Hotels & Resorts Group Co Ltd,62297388.27,43688003.97,14535490.63,0.3,0.13,1.71,52.0,51.0,53.0,52.0
ITDC.NS,India Tourism Development Corp Ltd,62000885.36,38777163.53,29906576.16,0.51,0.02,0.0,33.32,38.17,44.98,11.48
TH.OQ,Target Hospitality Corp,60536000.0,291337000.0,101350000.0,0.56,-0.02,3.41,23.84,4.95,22.27,43.18
LMHS.KL,Landmarks Bhd,59981268.01,1340057.64,-849663.78,0.0,-6.18,0.07,49.0,47.0,47.0,51.0
PROS.SI,ProsperCap Corporation Ltd,59979985.17,108969.61,40029.65,0.0,-2.27,0.0,48.0,51.0,53.0,54.0
HOTEL.MX,Grupo Hotelero Santa Fe SAB de CV,58326206.86,85935129.59,53455410.75,0.17,0.0,0.67,46.0,51.0,52.0,52.0
HOTL.JK,Saraswati Griya Lestari Tbk PT,57669344.43,4156200.29,706420.72,0.04,-0.83,2.24,52.0,47.0,47.0,58.0
BVHS.SI,Bonvests Holdings Ltd,55736100.82,99639733.14,47798369.16,0.1,0.09,0.49,47.0,50.0,52.0,54.0
AHUN.CM,Aitken Spence Hotel Holdings PLC,54263619.38,83138273.36,61794743.94,0.27,0.03,3.22,54.0,47.0,44.0,53.0
SUN.MZ,Sun Ltd,49992694.16,106193922.77,106380232.56,0.23,0.04,0.97,50.0,51.0,46.0,48.0
2748.TW,FDC International Hotels Corp,49366736.43,52356560.33,9295792.44,0.32,-0.02,1.41,50.0,44.0,46.0,56.0
9713.T,Royal Hotel Ltd,48676639.82,135336182.8,102506986.68,0.27,-0.29,1.99,53.0,46.0,51.0,51.0
MAIS.ZA,Maistra dd,48509995.91,185251228.88,132245917.74,0.35,0.14,0.63,49.0,53.0,50.0,57.0
ROCLF.PK,Royal Olympic Cruise Lines Inc,47888000.0,128159000.0,46685000.0,0.0,0.01,2.0,50.0,53.0,50.0,48.0
RIS.CS,Risma SA,47089536.91,56750678.47,29027322.76,0.14,-0.33,0.21,35.25,32.23,29.27,46.95
BEYOND.BK,Bound and Beyond PCL,45414979.24,6671026.18,369791.15,0.02,3.84,0.85,46.0,53.0,49.0,49.0
HLGE.SI,Hl Global Enterprises Ltd,43801334.32,1822090.44,597479.61,0.03,-0.56,0.0,52.0,54.0,45.0,56.0
PHTV.CA,Pyramisa Hotels and Resorts SAE,40500150.06,19342604.09,7004113.03,0.19,0.2,0.0,54.0,45.0,49.0,53.0
NRL.MZ,Lux Island Resorts Ltd,40281505.05,149412461.61,114563229.49,0.4,0.07,1.21,55.0,46.0,45.0,51.0
PARKEN.CO,Parken Sport & Entertainment A/S,40245699.87,180887088.14,89622353.03,0.42,0.04,1.9,53.0,48.0,46.0,57.0
IKEJAHO.LG,Ikeja Hotel PLC,39850604.81,23970233.18,6452115.62,0.23,0.0,0.74,53.0,52.0,50.0,54.0
0253.HK,Shun Ho Holdings Ltd,38560635.21,65985402.4,22116780.83,0.06,0.06,0.19,48.0,50.0,45.0,52.0
0219.HK,Shun Ho Property Investments Ltd,38482516.23,65985402.4,22116780.83,0.06,0.13,0.11,51.0,45.0,50.0,50.0
CLHJ.J,City Lodge Hotels Ltd,38106624.88,67841261.06,77291414.0,0.33,0.07,2.09,35.5,23.0,53.8,19.3
9704.T,Agora Hospitality Group Co Ltd,37636001.04,29173531.46,2214337.85,0.2,-0.5,1.4,52.0,53.0,51.0,50.0
HTRS.SI,Hotel Royal Ltd,36856931.06,19481097.11,3766493.7,0.03,-0.14,0.35,45.0,48.0,51.0,53.0
TSH.CY,A Tsokkos Hotels Public Ltd,36470835.37,11222423.06,-8589960.92,0.02,-1.99,0.97,48.0,54.0,49.0,49.0
LAMr.AT,Lampsa Hellenic Hotels SA,36237864.63,51608576.04,14614737.51,0.17,0.07,1.75,52.0,50.0,46.0,55.0
KTC.HNO,Kien Giang Trading JSC,36172397.24,248631354.33,11088744.19,4.44,0.0,1.83,50.0,49.0,53.0,53.0
MHOT.CA,Misr Hotels Company SAE,35549884.33,28030029.32,24510232.41,0.28,0.67,1.14,49.0,50.0,48.0,52.0
0201.HK,Magnificent Hotel Investments Ltd,35325816.47,41868441.98,6298776.26,0.07,0.2,0.13,51.0,45.0,44.0,53.0
DGBA.KL,DGB Asia Bhd,35034027.38,6004382.8,2819812.68,0.08,-1.17,0.88,53.0,47.0,46.0,53.0
SIGS.EUA,Hotelim SA,34599186.05,14267125.94,7269285.86,0.24,0.07,0.35,52.0,54.0,50.0,51.0
JIHD.JK,Jakarta International Hotels & Development Tbk PT,34375606.53,63364159.16,45372372.77,0.14,-0.12,0.08,54.0,54.0,51.0,57.0
SAMH.NS,Samhi Hotels Ltd,34343371.8,42521350.07,30311035.11,0.13,-1.37,2.0,50.0,46.0,48.0,54.0
LUDE.MOT,Lustica Development ad Tivat,34168837.96,35908248.64,13227315.1,0.23,-0.12,0.37,48.0,54.0,48.0,52.0
HISH.ISX,Ishtar Hotels,33322073.24,7250925.15,1538177.48,0.21,0.21,0.0,46.0,47.0,46.0,57.0
2739.TW,My Humble House Hospitality Management Consulting Co Ltd,33042039.55,84220193.42,6796189.38,0.16,-0.31,14.08,51.0,50.0,50.0,53.0
BMHL.MZ,BMH Ltd,32657054.09,56137813.58,85835593.0,0.11,-0.09,1.63,54.0,51.0,46.0,57.0
SAHS.OM,Sahara Hospitality Co SAOG,31808734.08,29218481.93,7562984.14,0.4,0.19,0.0,54.0,47.0,52.0,51.0
HTLS.MZ,Hotelest Ltd,31503728.42,56137813.58,88181021.0,0.15,-0.15,3.65,45.0,52.0,51.0,57.0
CHSL.MZ,Constance Hotels Services Ltd,31485523.59,56137813.58,85755152.0,0.15,-0.29,2.09,50.0,49.0,47.0,49.0
ZARA.AM,Zara Investment Holding Company PSC,31393437.06,47185657.71,3370452.62,0.17,-0.18,0.15,55.0,46.0,48.0,57.0
CFIP.WA,CFI Holding SA,31275207.74,36764975.82,10867171.03,0.09,-1.65,0.43,53.0,44.0,45.0,55.0
RTG.ZI,Rainbow Tourism Group Ltd,31044808.0,122786669.0,86306840.0,1.09,0.07,0.14,54.0,46.0,52.0,55.0
LZTL.PA,Les Hotels de Paris SA,30687993.09,20188481.91,11210012.96,0.11,0.22,2.0,49.0,46.0,44.0,56.0
6565.T,ABhotel Co Ltd,30684982.74,52156131.84,11169891.5,0.31,0.09,1.75,53.0,47.0,47.0,52.0
SLNAF.PK,Selina Hospitality PLC,30597000.0,35161000.0,29002000.0,0.08,-3.93,0.0,52.0,52.0,45.0,56.0
AWC.BK,Asset World Corp PCL,28899694.55,133213530.24,22860615.11,0.03,0.2,0.61,67.56,65.84,72.14,62.26
8308.HK,Gudou Holdings Ltd,28499393.9,10069740.72,11492.26,0.06,-1.08,0.76,54.0,52.0,54.0,51.0
GHG.BH,Gulf Hotel Group BSC,28418437.46,60798753.15,27677145.51,0.2,0.15,0.05,26.63,0.0,20.68,59.52
1832.HK,SAI Leisure Group Co Ltd,27107000.0,19801000.0,15539000.0,0.15,-0.3,0.43,53.0,44.0,52.0,48.0
VNG.HM,Thanh Thanh Cong Tourist JSC,26054125.32,7994685.36,-1139169.7,0.08,0.01,0.89,53.0,52.0,47.0,48.0
ENN.AX,Elanor Investors Group,25946809.23,61958176.19,58237671.42,0.15,0.1,1.56,52.0,46.0,52.0,48.0
ZLP.BB,Zlatni Pyasatsi AD,25441167.92,17732798.23,15141627.41,0.33,0.15,0.01,50.0,52.0,52.0,48.0
ALLHB.PA,Les Hotels Baverez SA,24492656.25,15130550.44,7622842.92,0.25,0.05,0.76,48.0,47.0,48.0,56.0
SHGM.KL,Shangri-La Hotels (Malaysia) Bhd,24452449.57,30914985.59,89331183.0,0.1,-0.71,0.22,54.0,50.0,47.0,58.0
TRANSCOHOT.LG,Transcorp Hotels PLC,23424629.58,52022530.97,38632443.53,0.19,0.05,0.38,48.0,49.0,45.0,50.0
VRANDA.BK,Veranda Resort PCL,23179801.69,38231748.42,5756975.32,0.25,-0.08,1.25,46.0,48.0,48.0,57.0
ASHE.NS,Asian Hotels (East) Ltd,23076873.42,12081345.01,8983352.09,0.1,-0.38,0.21,54.0,50.0,46.0,56.0
METB.KL,Meta Bright Group Bhd,22900742.17,5833983.2,5139902.41,0.12,0.16,0.14,49.0,48.0,52.0,54.0
9723.T,Kyoto Hotel Ltd,21790358.38,35080971.56,28441747.49,0.26,-0.16,13.31,54.0,53.0,52.0,48.0
AFGL.SI,AF Global Ltd,21220163.08,3987398.07,-1346182.36,0.02,-1.08,0.12,50.0,53.0,50.0,48.0
BHI.PS,Boulevard Holdings Inc,21180431.35,304705.19,-414978.26,0.01,35.22,0.04,53.0,48.0,47.0,56.0
KERVN.IS,Kervansaray Yatirim Holding AS,21162239.69,5556303.27,5015605.92,0.05,-0.54,2.0,45.0,46.0,46.0,55.0
MAGA.KL,Magma Group Bhd,20251445.78,4698527.71,1492387.95,0.1,-0.55,1.75,55.0,53.0,54.0,58.0
3252.TWO,Haiwan International Development Co Ltd,20020316.11,16096528.58,8830795.32,0.11,0.08,0.82,54.0,53.0,44.0,48.0
KHL.CM,John Keells Hotels PLC,19901619.38,46210117.65,26524048.44,0.18,-0.09,1.64,50.0,49.0,44.0,57.0
2705.TW,Leofoo Development Co Ltd,19429849.88,45359375.0,2477807.45,0.09,-0.22,1.72,50.0,49.0,53.0,50.0
0042.HK,Northeast Electric Development Co Ltd,18996930.15,13176859.62,6128697.6,0.48,0.21,2.0,50.0,47.0,51.0,53.0
MAMI.JK,Mas Murni Indonesia Tbk PT,18412122.75,9130914.62,3767263.43,0.09,-0.02,0.23,54.0,51.0,53.0,52.0
ROH.BK,Royal Orchid Hotel Thailand PCL,18343244.06,1873668.37,-576756.55,0.01,-3.43,1.57,48.0,54.0,48.0,57.0
HLVL.NS,HLV Ltd,18230994.42,9617358.84,7087919.33,0.13,-0.58,0.12,53.0,52.0,53.0,55.0
2722.TW,Chateau International Development Co Ltd,18184324.48,21215285.8,7928550.81,0.22,0.04,0.24,46.0,52.0,44.0,49.0
TPSE.NR,TPS Eastern Africa PLC,17952843.87,29082689.08,24099672.71,0.19,-0.19,0.94,55.0,52.0,45.0,54.0
ICON.JK,Pt Island Concepts Indonesia Tbk,17518642.02,9870649.73,1885633.51,0.38,-0.02,0.03,46.0,46.0,46.0,49.0
MUNK.KW,Kuwait Resorts Company KPSC,17283023.86,23225035.58,8300731.47,0.21,0.14,0.01,55.0,54.0,51.0,57.0
ACE.PS,Acesite (Phils.) Hotel Corp,17258772.31,0.0,-1229913.12,0.0,-1.0,0.0,52.0,45.0,47.0,51.0
LEMO.NS,Lemon Tree Hotels Ltd,17256611.87,52995083.09,43560803.89,0.11,-0.22,2.56,51.0,46.0,49.0,53.0
AIHO.AM,Arab International Hotels Company PSC,17194554.46,7704483.73,59575.67,0.08,0.03,0.43,50.0,49.0,47.0,58.0
BGALB.BB,Albena AD,17132553.95,49935438.84,32732507.42,0.14,0.05,0.19,47.0,48.0,44.0,54.0
2736.TWO,HOYA Resort Hotel Group,17034642.03,17805246.82,9180896.36,0.21,-0.07,0.81,52.0,51.0,44.0,58.0
AVIL.KL,Avillion Bhd,16600761.36,7631453.72,5480847.01,0.09,-0.28,0.42,46.0,45.0,46.0,57.0
NHTL.BH,National Hotels Co BSC,16558217.27,13179519.83,4074333.47,0.06,0.11,0.0,46.0,47.0,53.0,52.0
SHID.JK,Hotel Sahid Jaya International Tbk PT,15899429.63,4871770.93,3264245.21,0.05,-0.6,0.58,47.0,52.0,46.0,53.0
GHLL.CM,Galadari Hotels (Lanka) PLC,15352628.41,2732551.57,922782.05,0.06,-0.62,0.0,47.0,53.0,46.0,54.0
EIHA.NS,EIH Associated Hotels Ltd,14978511.6,25715599.45,20455880.92,0.49,0.07,0.01,45.0,49.0,48.0,48.0
6076.FU,Amaze Co Ltd,14956245.03,104764430.3,94616812.52,0.44,0.03,1.22,53.0,49.0,50.0,53.0
ORHT.NS,Oriental Hotels Ltd,14552827.75,28905725.06,22962211.5,0.28,-0.09,0.64,47.0,46.0,52.0,51.0
EDEN.CM,Eden Hotel Lanka PLC,13357462.11,3778260.73,2809587.51,0.02,-2.16,0.95,53.0,52.0,52.0,50.0
ROTO.CA,Rowad Tourism Company SAE,12825580.46,1417650.7,1394816.09,0.05,0.25,0.37,55.0,51.0,53.0,52.0
GRAN.KL,Grand Central Enterprises Bhd,12749512.49,4324673.39,3899531.7,0.08,-0.13,0.0,51.0,53.0,52.0,53.0
PALM.CM,Palm Garden Hotels PLC,12641411.25,3778260.73,2809587.51,0.02,-1.69,1.6,49.0,48.0,48.0,48.0
HBAY.ISX,Babylon Hotel,12283722.16,4033848.97,3262996.13,0.35,0.8,0.0,53.0,52.0,49.0,53.0
MAALT.IS,Marmaris Altinyunus Turistik Tesisleri AS,11626662.46,366350.51,190271.18,0.02,9.03,0.0,53.0,52.0,46.0,57.0
2724.TWO,Architectural Aesthetics Global Development Co Ltd,11348044.17,2396254.33,1512305.14,0.08,-0.66,2.05,53.0,50.0,46.0,49.0
JUNI.NS,Juniper Hotels Ltd,11244456.62,40669737.32,37104453.94,0.1,-0.61,7.03,54.0,50.0,46.0,51.0
IPCC.SI,IPC Corporation Ltd,11217939.21,3091178.65,-383988.14,0.06,-2.12,0.09,48.0,50.0,45.0,54.0
ROYL.NS,Royal Orchid Hotels Ltd,11085803.42,18250506.58,14200844.78,0.35,0.21,1.19,49.0,47.0,50.0,56.0
8237.HK,Link Holdings Ltd,11015240.26,6377636.68,3448835.27,0.07,-2.27,1.54,47.0,49.0,50.0,57.0
GPH.PS,Grand Plaza Hotel Corp,10847604.24,6569730.14,5183874.49,0.27,0.1,0.19,54.0,44.0,53.0,51.0
MTUR.MKE,Makedonijaturist AD Skopje,10570907.75,2274314.12,1820051.56,0.05,0.18,0.01,54.0,49.0,52.0,56.0
CHOT.CM,Ceylon Hotels Corporation PLC,10529224.26,1944413.81,1434726.47,0.04,-0.07,0.3,46.0,49.0,46.0,57.0
5704.TWO,Hotel Royal Chihpen,10522084.3,13080831.41,5600245.38,0.53,0.16,0.0,53.0,45.0,47.0,51.0
PENI.DH,Peninsula Chittagong PLC,10497596.78,3005798.75,1186489.54,0.06,0.19,0.12,52.0,48.0,52.0,55.0
NATO.JK,Surya Permata Andalan Tbk PT,10067718.53,126747.66,-3580.99,0.0,-3.31,0.0,50.0,52.0,46.0,58.0
SUNB.MV,Sunbird Tourism PLC,9972564.45,20560917.2,13277852.01,0.32,0.05,0.44,54.0,46.0,48.0,51.0
APOS.NS,Apollo Sindoori Hotels Ltd,9884995.53,27395489.41,16849465.23,1.31,0.07,0.23,51.0,49.0,44.0,49.0
TBKH.NS,Byke Hospitality Ltd,9745590.99,12290827.31,9931411.01,0.35,-0.14,0.6,55.0,53.0,47.0,48.0
LCH.CY,Leptos Calypso Hotels Public Ltd,9732396.61,12818236.59,2378669.03,0.07,-0.16,0.87,54.0,53.0,47.0,49.0
COUN.NS,Country Club Hospitality & Holidays Ltd,9664683.39,7489229.45,6508483.37,0.07,-0.77,0.71,50.0,52.0,52.0,53.0
TAJG.NS,TAJ GVK Hotels and Resorts Ltd,9453554.22,29917300.6,26324178.47,0.32,0.01,0.58,50.0,45.0,47.0,54.0
8077.TWO,Green World Hotels Co Ltd,9220265.59,14133371.82,-6929813.8,0.1,-0.93,6.46,50.0,45.0,44.0,56.0
ADFF.L,Facilities By ADF PLC,9137522.83,37551241.29,14664141.24,1.3,0.05,2.29,46.0,51.0,51.0,57.0
DAH.HM,Dong A Hotel Group JSC,8955134.86,30301189.04,3089809.14,0.8,0.05,0.24,54.0,53.0,46.0,52.0
MARTI.IS,Marti Otel Isletmeleri AS,8822912.07,9031055.9,3004778.46,0.06,0.09,54.43,50.0,47.0,52.0,48.0
APEJ.NS,Apeejay Surrendra Park Hotels Ltd,8800891.68,33598853.25,25683320.73,0.2,-0.11,1.29,48.0,52.0,52.0,48.0
ULRI.MOT,HTP Ulcinjska Rivijera ad Ulcinj,8707693.88,1156242.18,900325.13,0.01,0.07,0.02,51.0,50.0,51.0,47.0
HMCI.OM,Hotels Management International Company SAOG,8666285.42,8597764.49,4299974.01,0.3,-0.5,0.5,52.0,51.0,52.0,53.0
ASIA.BK,Asia Hotel PCL,8659304.24,18051297.02,-113200.42,0.06,-0.35,0.45,51.0,53.0,47.0,51.0
DWC.PS,Discovery World Corp,8569221.22,5297285.55,-35126.5,0.03,-0.61,0.57,52.0,48.0,54.0,54.0
DATA.SI,Datapulse Technology Ltd,8564184.29,1391625.62,381048.97,0.03,-1.72,0.04,54.0,49.0,49.0,57.0
0037.HK,Far East Hotels and Entertainment Ltd,8385688.38,6520621.54,3150299.41,0.12,1.06,0.08,47.0,45.0,51.0,49.0
SAYH.BO,Sayaji Hotels Ltd,8369687.52,15148877.36,12524538.41,0.33,0.09,0.53,51.0,52.0,48.0,50.0
SSTY.L,Safestay PLC,8145843.2,8689711.15,6941757.42,0.06,-0.09,1.89,50.0,53.0,50.0,48.0
ILRA.ZA,Ilirija dd,7978923.68,20288930.95,14916014.14,0.28,0.17,0.29,49.0,51.0,49.0,48.0
SINI.JK,Singaraja Putra Tbk PT,7914617.81,26690585.06,7157919.79,2.31,0.01,1.03,48.0,49.0,49.0,56.0
RMTV.CA,Rowad Misr for Tourism Investment Co SAE,7884994.4,6296416.57,2901735.72,0.17,-0.14,0.62,54.0,49.0,44.0,54.0
SINL.NS,Sinclairs Hotels Ltd,7623811.95,3995143.7,3492004.1,0.23,0.24,0.09,51.0,51.0,47.0,57.0
OHTL.BK,OHTL PCL,7552967.8,16912375.56,-7015409.57,0.09,-1.1,2.58,48.0,50.0,46.0,55.0
SDTI.CA,Sharm Dreams Company For Touristic Investment SAE,7480587.48,2468071.52,1388825.03,0.03,-0.77,1.1,51.0,45.0,53.0,52.0
EXSI.KL,Exsim Hospitality Bhd,7424194.28,931457.1,573082.16,0.08,-0.02,0.49,55.0,45.0,45.0,51.0
KOSMI.RTS,GK Kosmos PAO,7384672.72,9467515.92,7591895.92,0.13,0.03,0.17,47.0,52.0,46.0,54.0
2310.HK,Times Universal Group Holdings Ltd,7221067.75,9966905.26,2438235.97,0.42,-0.23,6.35,45.0,47.0,52.0,49.0
2750.TWO,Hotel Orchard Park Co Ltd,7035760.68,19406538.68,9331264.43,0.24,0.29,2.68,49.0,47.0,49.0,50.0
CLA.CY,Claridge Public Ltd,6975479.16,522929.31,0.0,0.07,-1.26,0.0,51.0,54.0,51.0,57.0
MONP.ZA,Mon Perin dd,6961227.07,7886921.08,5542731.28,0.19,0.29,0.23,47.0,45.0,46.0,50.0
DOME.CY,Dome Investments PCL,6727418.17,966023.45,-675952.61,0.01,-1.81,0.62,49.0,47.0,47.0,48.0
LRHR.ZA,Liburnia Riviera Hoteli dd,6682168.11,32597447.88,21095723.35,0.23,-0.42,0.71,48.0,53.0,51.0,52.0
0181.HK,Fujian Holdings Ltd,6635929.6,3005106.6,82077401.0,0.05,0.16,0.0,53.0,53.0,46.0,57.0
UPHT.BO,U. P. Hotels Ltd,6612737.05,9479574.82,6770889.6,0.64,0.09,0.01,54.0,51.0,50.0,56.0
SGH.HN,Saigon Hotel Corp,6602648.94,785680.74,100571.13,0.1,0.19,0.0,50.0,51.0,45.0,51.0
ARTA.JK,Arthavest Tbk PT,6569335.5,2840734.69,2308656.72,0.1,-0.04,0.0,54.0,44.0,47.0,57.0
5364.TWO,Lealea Hotels & Resorts Co Ltd,6496644.05,12057736.72,-1009743.07,0.27,-0.2,1.99,46.0,51.0,45.0,55.0
SCT.MZ,Beau Vallon Hospitality Ltd,6400782.51,6080828.54,86520479.0,0.09,-0.63,1.86,46.0,44.0,50.0,55.0
PHTBC1.LM,Peru Holding de Turismo SAA,6355013.55,1014001.81,87183587.0,0.05,-3.03,0.0,49.0,46.0,53.0,48.0
ASHW.NS,Asian Hotels (West) Ltd,6325825.35,20913632.69,18124514.17,0.16,-0.74,2.0,46.0,46.0,49.0,57.0
JOHT.AM,Jordan Hotels and Tourism Company PSC,6319547.38,10781881.19,687411.6,0.25,-0.24,0.14,54.0,49.0,45.0,55.0
ECMI.KL,ECM Libra Group Bhd,6293707.97,3197406.34,79985757.0,0.06,-0.43,0.26,55.0,54.0,48.0,54.0
TPL.MZ,Tropical Paradise Co Ltd,6247082.05,12039732.34,84183793.0,0.19,-0.21,2.0,52.0,54.0,52.0,50.0
ICPL.SI,ICP Ltd,6190818.82,3684702.83,2542092.39,0.08,-0.24,0.92,45.0,47.0,46.0,48.0
AGDCU.EUL,Sociedade das Aguas da Curia SA,6128417.34,2279212.4,1149670.25,0.0,-0.15,2.0,45.0,52.0,48.0,57.0
HBES.BO,HB Estate Developers Ltd,6088091.52,6644673.22,5816480.33,0.1,-0.31,2.2,46.0,51.0,53.0,56.0
CRESTA.BT,Cresta Marakanelo Ltd,5778109.77,18281743.27,4569928.82,0.41,-0.2,2.93,46.0,45.0,44.0,50.0
SEAP.DH,Sea Pearl Beach Resort & Spa Ltd,5763409.72,7614340.78,6031997.04,0.11,0.11,3.6,48.0,45.0,52.0,50.0
NVT.HM,Ninh Van Bay Travel Real Estate JSC,5725963.71,5549609.99,753773.8,0.16,-0.39,1.42,48.0,51.0,50.0,53.0
STAF.CM,Dolphin Hotels PLC,5715225.5,979099.24,701011.11,0.07,-0.09,0.37,46.0,54.0,49.0,48.0
TCRG.LJ,Terme Catez dd,5679216.97,28860878.07,15504388.06,0.16,0.3,0.36,48.0,49.0,50.0,54.0
HEFA.ZA,Helios Faros dd,5647231.89,5116379.06,2555247.48,0.14,0.07,0.0,50.0,49.0,51.0,52.0
KAMT.NS,Kamat Hotels (India) Ltd,5577802.25,19036328.71,15533178.57,0.31,-0.16,2.0,47.0,50.0,45.0,52.0
NEH.CM,Nuwara Eliya Hotels Co PLC,5528927.99,2246219.9,1684325.71,0.12,0.01,0.01,54.0,49.0,49.0,52.0
MIMO.MOT,HTP Mimoza ad Tivat,5399506.63,1145954.12,798206.13,0.07,-0.27,0.0,54.0,54.0,46.0,53.0
BVRU.BJ,ZTC Banja Vrucica ad Teslic,5135078.23,9384389.0,7054510.56,0.28,0.27,0.11,54.0,48.0,45.0,57.0
HOOT4.SA,Hoteis Othon SA - em Recuperacao Judicial,5119652.44,8280164.44,5030429.24,0.1,-0.6,2.0,50.0,50.0,49.0,57.0
HSIL.BO,H S India Ltd,5049353.5,2373157.81,1774539.07,0.35,0.06,0.84,50.0,49.0,48.0,49.0
BUVA.JK,Bukit Uluwatu Villa Tbk PT,5016435.33,4310348.15,2383293.13,0.03,-5.64,5.92,52.0,49.0,53.0,48.0
TUFE.BX,Turism Felix SA,4951307.47,19863131.02,4686532.05,0.38,0.12,0.0,55.0,50.0,48.0,56.0
HCD.GQ,Hotel Colon Internacional CA,4882280.0,12798230.0,90415197.0,0.3,0.04,0.0,46.0,47.0,51.0,56.0
GHTL.BO,Gujarat Hotels Ltd,4880911.29,280785.33,93168815.0,0.06,1.28,0.0,47.0,45.0,52.0,54.0
CAGU.PK,Castle Group Inc,4806790.0,24209210.0,12906310.0,1.86,0.0,3.61,53.0,51.0,45.0,52.0
PKENT.IS,Petrokent Turizm AS,4678504.22,8141779.5,2944019.65,0.97,0.4,0.0,55.0,50.0,52.0,56.0
AHPL.CM,Asian Hotels and Properties Plc,4556678.2,14168415.22,5172802.77,0.1,-0.13,0.06,52.0,45.0,54.0,54.0
PRIT.MOT,Primorje Hotels & Restaurants ad Tivat,4455788.96,1887359.55,981204.2,0.04,-1.6,0.62,46.0,49.0,46.0,49.0
4170.SE,Tourism Enterprise Company (Shams) SJSC,4430795.46,4255879.38,1371032.02,0.22,-0.88,0.0,49.0,48.0,51.0,57.0
KHC.CM,Kandy Hotels Co (1938) PLC,4337948.24,627054.74,353804.19,0.02,-0.85,0.09,52.0,47.0,44.0,48.0
PDC.HNO,Phuong Dong Petroleum Tourism JSC,4331668.55,926660.29,-169467.23,0.07,-0.7,0.0,51.0,46.0,48.0,49.0
MOVINN.CO,Movinn A/S,4267861.78,8575440.72,1786841.98,1.25,-0.07,0.71,45.0,45.0,51.0,58.0
BUDR.MOT,Hotelska Grupa Budvanska Rivijera ad Budva,4247231.89,12320237.36,9561557.87,0.08,-0.21,0.01,50.0,45.0,53.0,50.0
CDO.HNO,Consultancy Design and Urban Development JSC,4242359.36,248359.14,-320129.94,0.02,-3.61,0.0,52.0,50.0,45.0,56.0
ADHO.NS,Advani Hotels and Resorts (India) Ltd,4170515.96,6764618.31,6287868.21,0.74,0.13,0.02,45.0,45.0,52.0,55.0
LHH.CY,Lordos Hotels Holdings Public Ltd,4122285.88,16539719.89,7124104.77,0.13,0.07,0.1,51.0,53.0,52.0,54.0
ELWA.CA,El Wadi for International and Investment Development SAE,3947190.29,570095.79,47016.6,0.02,-1.23,0.21,46.0,49.0,45.0,50.0
RCHI.BX,Grand Hotel Bucharest SA,3795115.11,4325802.07,3554656.06,0.15,0.24,0.0,48.0,47.0,52.0,54.0
ASHT.NS,Asian Hotels (North) Ltd,3725016.93,17196705.2,12208562.69,0.07,-3.26,4.54,49.0,50.0,52.0,48.0
VICE.NS,Viceroy Hotels Ltd,3707260.08,6908958.73,1340137.47,0.13,-0.5,2.0,54.0,45.0,44.0,52.0
MALL.AM,Al Dawliyah for Hotels and Malls PSC,3685813.3,6966138.61,-644851.49,0.08,-0.27,0.2,49.0,52.0,48.0,54.0
ROBCM.BX,Casa de Bucovina Club de Munte SA,3648142.87,1382429.11,841413.49,0.16,0.1,0.0,50.0,48.0,52.0,47.0
HBAG.ISX,Baghdad Hotel,3605423.63,1714066.31,82218844.0,0.26,0.85,0.0,52.0,45.0,50.0,55.0
2712.TW,FarGlory Hotel Co Ltd,3566577.66,12664946.59,2455578.81,0.24,-0.06,0.03,52.0,52.0,51.0,56.0
ACAP.CM,Asia Capital PLC,3564152.25,1213896.19,524204.15,0.07,-2.49,2.0,47.0,47.0,46.0,49.0
SKEH.BB,St St Constantine and Helena Holding AD,3514220.9,16138544.76,9890071.54,0.2,0.05,1.92,47.0,48.0,50.0,50.0
MDTR.AM,Mediterranean Tourism Investment Company PSC,3417765.21,11693451.2,9303182.46,0.13,-0.16,0.32,49.0,50.0,53.0,51.0
EFO.BX,Turism Hoteluri Restaurante Marea Neagra SA,3406050.92,10460851.87,7939615.0,0.14,1.12,0.02,47.0,52.0,48.0,56.0
1355.HK,Legend Strategy International Holdings Group Company Ltd,3395418.05,9051540.57,89398962.0,0.3,0.07,16.52,49.0,49.0,49.0,57.0
TCO.AX,Transmetro Corporation Ltd,3389877.65,11073971.58,10484821.3,0.55,0.21,0.25,52.0,51.0,45.0,54.0
GOCO.CA,Golden Coast El Sokhna Company for Touristic Investment SAE,3253254.3,1286748.88,785927.34,0.1,0.36,0.31,50.0,45.0,44.0,50.0
PNSE.JK,Pudjiadi And Sons Tbk PT,3230686.46,4846350.46,2012137.78,0.18,-0.43,0.73,51.0,52.0,48.0,48.0
VTG.HNO,Ba Ria Vung Tau Tourist JSC,3193342.19,1953444.29,681953.96,0.21,-0.42,0.1,49.0,50.0,51.0,55.0
AVHOL.IS,Avrupa Yatirim Holding AS,3161606.63,2966914.49,598646.0,0.47,0.06,0.1,50.0,48.0,53.0,55.0
CDZ0.MU,MHP Hotel AG,3145715.39,607302.82,86354634.0,0.02,-0.36,0.0,53.0,49.0,50.0,49.0
VIDU.ZA,Villa Dubrovnik dd,3107264.17,7194716.14,4988261.37,0.3,0.22,0.64,51.0,50.0,47.0,51.0
0022.HK,Mexan Ltd,3042734.39,3513106.32,1105578.33,0.05,-1.61,0.19,49.0,45.0,47.0,49.0
MANRIN.BK,Mandarin Hotel PCL,2905589.53,691271.44,-2063219.38,0.03,-2.13,1.08,52.0,47.0,50.0,52.0
HGT.HNO,Huong Giang Tourist JSC,2895479.65,392583.66,-247534.36,0.04,-3.48,0.13,47.0,46.0,44.0,49.0
HPDG.ZA,Medora Hoteli i Ljetovalista dd,2847450.15,7456576.4,4202868.15,0.12,0.11,0.65,54.0,53.0,44.0,49.0
GRSS.BO,Graviss Hospitality Ltd,2786101.44,6368038.01,2932080.3,0.22,-0.13,0.1,54.0,51.0,47.0,53.0
HOME.JK,Hotel Mandarine Regency Tbk PT,2699372.07,4793693.19,1583542.84,0.24,0.0,0.19,48.0,48.0,52.0,53.0
EBG.AX,Eumundi Group Ltd,2673438.83,19104667.13,9729688.7,0.3,0.25,0.55,46.0,54.0,45.0,51.0
SHOT.CM,Serendib Hotels PLC,2664642.6,2202109.07,1651710.45,0.1,-0.88,0.6,50.0,50.0,50.0,49.0
HYDP.ASE,Hydro Hotel Eastbourne PLC,2644679.02,3821798.72,474774.44,0.66,0.13,0.0,51.0,48.0,48.0,57.0
GHOS.OM,Gulf Hotels Oman SAOG Co Ltd,2641018.98,9043410.45,5214452.82,0.11,-0.2,0.07,55.0,48.0,48.0,49.0
INVERTC1.LM,Inversiones en Turismo SA,2512797.35,4899126.77,3809344.57,0.4,0.06,0.37,51.0,51.0,53.0,50.0
INBT.BO,Indrayani Biotech Ltd,2491838.1,8112076.98,2660029.99,1.35,0.07,0.78,54.0,45.0,52.0,56.0
CHLL.BO,CHL Ltd,2479255.98,8209571.89,7528807.11,0.2,-0.13,2.0,45.0,47.0,45.0,50.0
REVE.BO,Reliable Ventures India Ltd,2454552.88,2404685.55,1751074.42,0.5,0.12,0.03,49.0,51.0,50.0,52.0
MOLI.MZ,Morning Light Co Ltd,2447340.39,3360965.94,78879185.0,0.08,-0.65,2.0,52.0,46.0,50.0,51.0
LUCY.JK,Lima Dua Lima Tiga PT Tbk,2444732.4,1013403.56,653774.34,0.42,0.02,0.25,46.0,45.0,46.0,50.0
HMAN.ISX,Mansour Hotel,2425492.36,1599505.95,-660984.22,0.45,-0.47,0.1,51.0,48.0,49.0,49.0
RHTL.CM,Fortress Resorts Plc,2311682.21,1208191.07,829587.82,0.18,0.1,0.09,52.0,49.0,48.0,52.0
CONN.CM,Hayleys Leisure PLC,2294563.77,2689488.72,466080.31,0.14,-1.06,1.26,51.0,50.0,49.0,51.0
RPBH.CM,Royal Palms Beach Hotels PLC,2222591.25,1165641.38,790850.45,0.11,-0.07,0.02,51.0,47.0,50.0,52.0
SNLK.JK,Sunter Lakeside Hotel Tbk PT,2209189.36,1454484.31,1161267.79,0.1,-0.35,0.25,50.0,51.0,51.0,56.0
TRH.SCT,TR Hotel Jardin del Mar SA,2203840.12,1312063.75,555350.93,0.59,-0.06,0.39,52.0,49.0,46.0,55.0
AIPC.AM,Al Sharq Investment Projects Co PSC,2181272.98,5203748.23,3472418.67,0.18,-0.06,0.03,49.0,48.0,52.0,50.0
RMHI.BO,Royale Manor Hotels and Industries Ltd,2166969.25,1795223.8,1520881.04,0.23,0.07,0.19,50.0,52.0,48.0,52.0
PHR.PS,PH Resorts Group Holdings Inc,2102693.27,47994.12,-120614.04,0.0,-182.8,1.24,52.0,52.0,52.0,48.0
JNHT.BO,Jindal Hotels Ltd,2039092.82,3933656.03,3030049.51,0.35,-0.08,3.74,47.0,47.0,51.0,57.0
TANG.CM,Tangerine Beach Hotels PLC,2034521.83,1111878.2,717688.44,0.08,-0.31,0.02,55.0,48.0,49.0,47.0
RENU.CM,Renuka City Hotels PLC,1994513.7,329316.71,214035.26,0.01,24.44,0.0,54.0,50.0,44.0,48.0
52HLTNU.VB,Sociedad Hotelera los Tajibos S.A.,1881020.5,5412483.16,1686705.71,0.12,-0.66,0.71,48.0,48.0,49.0,53.0
RSR.PL,Ramallah Summer Resorts Co PLC,1856407.36,838288.54,838288.54,0.04,0.25,0.05,45.0,50.0,49.0,49.0
SERC.CM,Kingsbury PLC,1852498.27,6995384.08,1651252.6,0.48,-0.21,1.8,51.0,44.0,50.0,52.0
AHC.PL,Arab Hotels Company PSC,1827072.14,2713988.68,1165770.86,0.08,-0.7,2.02,50.0,49.0,46.0,51.0
RV.V,Pathfinder Ventures Inc,1803617.22,1949050.18,1818418.55,0.0,-1.37,1.9,55.0,51.0,51.0,50.0
HRME.JK,Menteng Heritage Realty Tbk PT,1801376.37,4659316.88,2597963.97,0.07,-0.44,0.33,48.0,47.0,47.0,48.0
IEQ.AX,International Equities Corporation Ltd,1800465.13,3139944.93,2008184.56,0.12,-0.11,3.85,45.0,46.0,45.0,52.0
BCHO.NS,Blue Coast Hotels Ltd,1797964.2,0.0,82357805.0,0.0,-1.0,2.0,55.0,48.0,45.0,52.0
BHL.MV,Blantyre Hotels PLC,1762923.9,2447911.5,1100660.63,0.0,-0.38,0.93,48.0,46.0,53.0,56.0
SOTS.JK,Satria Mega Kencana Tbk PT,1693503.05,869052.38,518427.82,0.03,-1.87,0.33,55.0,47.0,52.0,48.0
ESTA.JK,Esta Multi Usaha Tbk PT,1693072.35,708354.61,430572.48,0.13,0.06,0.36,49.0,44.0,53.0,50.0
AYCES.IS,Altin Yunus Cesme Turistik Tesisler AS,1672821.62,4738614.16,2336455.12,0.14,0.26,0.03,51.0,44.0,53.0,52.0
TRAN.CM,Trans Asia Hotels PLC,1670186.85,6287972.32,2569155.71,0.25,0.0,0.12,55.0,48.0,51.0,52.0
TAJ.CM,Tal Lanka Hotels PLC,1663890.21,3970314.71,-907935.43,0.21,-1.5,35.31,54.0,48.0,47.0,56.0
HTIL.SJ,Hoteli Ilidza dd Ilidza,1655900.66,3002489.39,78778461.0,0.1,0.06,0.29,47.0,49.0,54.0,50.0
SPHT.CA,El Shams Pyramids Co for Hotels and Touristic Projects SAE,1597410.0,-730090.0,84864769.0,-0.02,-1.0,0.67,55.0,49.0,48.0,50.0
ROBU.NS,Robust Hotels Ltd,1595596.39,5379676.79,4658636.07,0.08,-0.86,0.72,50.0,51.0,54.0,55.0
ULAS.IS,Ulaslar Turizm Enerji Tarim Gida ve Insaat Yatirimlari AS,1536407.06,0.0,0.0,0.0,-1.0,0.0,54.0,49.0,50.0,49.0
BGSLB.BB,Slanchev Bryag AD,1436049.56,1778630.84,784621.65,0.07,-0.23,0.01,54.0,52.0,46.0,57.0
OCW.BB,Orpheus Club Wellness AD,1427325.07,70959.11,-19193.86,0.03,-2.99,0.0,50.0,46.0,51.0,52.0
BGSHB.BB,Sofia Hotel Balkan AD,1426161.81,10605478.97,4940964.35,0.1,-0.17,3.39,54.0,54.0,47.0,50.0
BBH.CM,Browns Beach Hotels PLC,1376851.21,1460643.6,1179352.94,0.08,-1.05,4.8,48.0,51.0,49.0,54.0
BNRS.BO,Benares Hotels Ltd,1354902.54,6566361.09,5438213.26,0.54,0.11,0.05,52.0,49.0,49.0,56.0
SAVE.BO,Savera Industries Ltd,1352781.37,4208960.57,3484415.31,0.47,-0.03,0.04,45.0,53.0,49.0,49.0
HKAR.ISX,Rehab Karbala Company for Investment and General Contracting,1327092.3,0.0,-46494.56,0.0,-1.0,0.0,47.0,47.0,47.0,54.0
UBAR.OM,Ubar Hotels and Resorts Co SAOG,1279854.43,5856303.61,80176120.0,0.21,-0.53,0.29,54.0,52.0,50.0,48.0
SIGV.CM,Sigiriya Village Hotels PLC,1152221.07,397035.95,272688.75,0.12,-0.16,0.62,47.0,51.0,49.0,51.0
REEF.CM,Citrus Leisure PLC,1140039.72,2936078.65,1954654.01,0.09,-0.54,1.17,48.0,50.0,51.0,52.0
DHAA.BO,Dhanada Corporation Ltd,1126603.08,1231276.47,1067557.38,0.24,-0.36,2.34,55.0,50.0,46.0,52.0
TUAA.BX,Turism Covasna SA,1115618.32,3204774.5,2373013.5,0.19,-0.03,0.1,51.0,50.0,49.0,53.0
AGRO.CY,Agros Development Company Proodos Public Ltd,1114948.71,2978517.34,1247410.85,0.22,0.2,0.89,46.0,48.0,48.0,48.0
PROE.SI,Prospera Global Ltd,1106004.45,295033.36,-118606.38,0.09,-4.96,0.13,51.0,53.0,45.0,57.0
VIR.HNO,Vung Tau Intourco Resort JSC,1027270.99,607209.78,-242422.36,0.14,-1.04,0.0,51.0,48.0,50.0,53.0
PMDZ.LZ,Pamodzi Hotels PLC,1002542.84,3008955.22,89751714.0,0.0,-1.0,2.0,48.0,52.0,47.0,57.0
MDSP.ZA,Modra Spilja dd,973834.21,1237313.28,649778.32,0.18,-0.24,0.0,52.0,46.0,52.0,49.0
PSKT.JK,Red Planet Indonesia Tbk PT,955946.47,3317143.08,1722028.04,0.11,-0.26,0.06,46.0,49.0,49.0,51.0
EAST.JK,Eastparc Hotel Tbk PT,946362.94,3580446.01,2491304.68,0.2,0.24,0.01,54.0,44.0,52.0,48.0
HSAD.ISX,Al Sadeer Hotel Mixed Joint Stock Co,900245.66,0.0,-22384.09,0.0,-1.0,2.0,48.0,52.0,50.0,54.0
ZDDL.LJ,Terme Dobrna dd,852901.25,8271054.83,4581542.34,0.35,0.02,0.35,49.0,50.0,47.0,54.0
THDI.AM,Al Tahdith for Real Estate Investments Company PSC,842489.39,106690.24,10240.45,0.03,-1.45,0.0,49.0,47.0,46.0,53.0
FITT.JK,Hotel Fitra International Tbk PT,750702.94,614727.98,221633.32,0.14,-0.62,0.67,45.0,47.0,52.0,51.0
PEG.CM,Pegasus Hotels of Ceylon PLC,730588.24,1335899.65,124584.78,0.14,-0.5,0.16,47.0,47.0,51.0,51.0
CITH.CM,Hikkaduwa Beach Resort PLC,727394.43,2018886.71,1412854.91,0.06,-0.56,0.66,47.0,49.0,50.0,51.0
PACY.BX,Palace SA,709606.49,934829.01,856406.25,0.23,0.34,0.08,55.0,48.0,52.0,56.0
PGLI.JK,Pembangunan Graha Lestari Indah Tbk PT,681823.51,1016731.66,467093.12,0.15,0.62,0.02,52.0,45.0,46.0,57.0
SRIS.NS,Sri Havisha Hospitality and Infrastructure Ltd,656891.7,967860.94,819181.2,0.23,0.08,0.12,52.0,54.0,50.0,55.0
PHTD.PSX,Pakistan Hotels Developers Ltd,656205.38,2271643.03,1067779.95,0.05,0.1,0.0,53.0,49.0,51.0,51.0
MPOL.MKE,Hoteli Metropol AD Ohrid,655072.73,1903885.1,1429699.87,0.21,-0.15,0.05,50.0,54.0,53.0,58.0
HOT.HNO,Hoi An Tourist Service JSC,648652.84,1159392.92,-536780.77,0.32,-0.8,0.0,50.0,45.0,53.0,55.0
KDTN.JK,Puri Sentul Permai Tbk PT,636566.44,1434137.36,803595.27,0.52,0.81,0.31,52.0,54.0,49.0,52.0
MERIT.IS,Merit Turizm Yatirim ve Isletme AS,600427.3,853660.61,746490.34,0.02,0.34,0.0,55.0,45.0,48.0,57.0
HTBO.MOT,HTP Vektra Boka ad Herceg Novi,598049.45,792396.92,516764.43,0.01,-2.99,0.08,47.0,47.0,48.0,48.0
DTCS.OM,Dhofar Tourism Company SAOG,580452.3,0.0,-2081232.13,0.0,-1.0,0.03,54.0,45.0,48.0,52.0
LHL.CM,Lighthouse Hotel PLC,579617.2,1476879.24,1133649.83,0.11,-0.18,0.14,52.0,52.0,46.0,50.0
HSIG.CM,Hotel Sigiriya PLC,560934.53,359067.99,266404.36,0.15,-0.58,0.07,53.0,44.0,53.0,53.0
INHO.MKE,Internesnel Hotels AD Skopje,513220.4,786227.21,214122.63,0.16,-0.24,0.32,46.0,51.0,53.0,51.0
VERY.BB,Vereya Tour AD,483917.87,824754.26,481009.71,0.26,0.1,0.0,52.0,49.0,48.0,51.0
ARHO.BO,Aruna Hotels Ltd,465867.56,0.0,86855949.0,0.0,-1.0,5.72,47.0,48.0,50.0,48.0
MRH.CM,Mahaweli Reach Hotels PLC,423385.12,1296059.55,431719.69,0.22,-0.47,0.43,54.0,52.0,46.0,54.0
SAJH.NS,Saj Hotels Ltd,414414.04,1101357.73,898628.6,0.0,-0.15,0.47,54.0,48.0,52.0,54.0
BERU.CM,Beruwala Resorts PLC,384074.71,840506.44,580660.69,0.2,-0.58,2.9,50.0,48.0,48.0,51.0
CLAY.JK,Citra Putra Realty Tbk PT,369550.78,1360426.18,-1329234.49,0.03,-3.86,9.36,48.0,51.0,49.0,53.0
CITW.CM,Waskaduwa Beach Resort PLC,340814.84,1214003.94,829702.08,0.07,-0.97,0.78,52.0,46.0,48.0,49.0
ALBA.MOT,HTP Albatros ad Ulcinj,281370.07,677500.4,520405.61,0.06,0.11,2.0,54.0,48.0,46.0,51.0
RRAH.BO,Ras Resorts and Apart Hotels Ltd,276721.51,1031977.14,931614.83,0.24,0.02,0.28,49.0,53.0,51.0,50.0
KDJH.BO,KDJ Holidayscapes and Resorts Ltd,269308.98,86222.19,24902.34,0.01,-8.75,2.7,48.0,52.0,51.0,55.0
GPA.LS,Imobiliaria Construtora Grao Para SA,239342.47,1288941.18,-2838210.22,0.03,-2.06,0.99,50.0,46.0,49.0,52.0
ABHS.OM,Al Buraimi Hotel Company SAOG,233744.64,2360072.74,726354.07,0.25,0.03,0.1,49.0,47.0,50.0,58.0
BAHS.OM,Al Batinah Hotels Company SAOG,207439.76,776859.29,-2312095.45,0.08,-1.9,0.15,47.0,47.0,48.0,50.0
ESPI.BO,Espire Hospitality Ltd,202486.38,222868.09,176096.88,0.43,-0.05,7.79,53.0,46.0,52.0,52.0
HBLK.BEL,HUTP Balkan ad Beograd u stecaju,202159.62,4625446.01,3898748.04,0.0,0.1,2.0,53.0,47.0,47.0,56.0
MMAT.CA,Marsa Marsa Alam for Tourism Development SAE,193937.42,0.0,0.0,0.0,-1.0,0.0,53.0,50.0,46.0,55.0
CINH.BO,Cindrella Hotels Ltd,184397.26,708008.02,531459.1,0.51,0.07,0.1,46.0,51.0,52.0,56.0
ATHO.MOT,Citadel Group ad Podgorica,175509.22,128188.37,92244.7,0.01,-15.42,0.0,46.0,49.0,45.0,48.0
MARA.CM,Marawila Resorts PLC,151437.34,862677.3,591224.67,0.14,-0.79,0.6,47.0,47.0,53.0,53.0
MTC.HNO,My Tra Tourist JSC,143174.6,416161.54,-27935.31,0.25,-0.35,0.0,47.0,47.0,53.0,49.0
ROOS.BO,Roopshri Resorts Ltd,128008.18,52317.88,34755.62,0.05,-0.4,0.0,55.0,53.0,48.0,51.0
HOWA.BO,Howard Hotels Ltd,125570.81,567894.66,488699.81,0.31,-0.18,0.26,51.0,48.0,44.0,49.0
PHOX.BO,Phoenix Township Ltd,124864.63,2092029.92,1487450.82,0.37,0.02,0.57,49.0,53.0,45.0,52.0
UGE.CY,Universal Golf Enterprises PLC,122388.2,237607907.0,92136089.0,0.0,-1.0,0.36,47.0,53.0,49.0,57.0
HASH.ISX,Ashour Hotel,109533.18,13506.84,-3109.32,0.11,-0.16,0.0,54.0,49.0,49.0,57.0
ECOH.BO,Eco Hotels and Resorts Ltd,100903.28,21853.09,-14503.69,0.14,-2.52,0.0,48.0,45.0,48.0,52.0
EWKS.PK,Earthworks Entertainment Inc,86000.0,0.0,-96000.0,0.0,-1.0,2.0,55.0,48.0,49.0,56.0
DHCC.PK,Diamondhead Casino Corp,82090.0,207193185.0,81332997.0,0.0,-1.0,2.0,48.0,51.0,47.0,55.0
HOTEL.ST,First Hotels AB (publ),75338.53,0.0,80591686.0,0.0,-1.0,2.0,54.0,52.0,48.0,56.0
VLNH.BO,Velan Hotels Ltd,72831.33,0.0,-500.65,0.0,-1.0,2.42,47.0,51.0,53.0,52.0
RFLL.CM,Ramboda Falls PLC,65451.87,164583.77,46617.44,0.08,0.07,0.02,47.0,48.0,47.0,51.0
RONORD.BX,Nord SA,63522.0,15599.92,-49589.48,0.0,-4.42,0.0,47.0,51.0,44.0,48.0
GRPH.JK,Griptha Putra Persada Tbk PT,56844.64,1029139.98,441358.94,0.5,-0.02,2.0,52.0,54.0,49.0,57.0
BRJE.MOT,HTP Velika Plaza ad Ulcinj,52205.01,394457.77,299778.04,0.14,0.02,0.03,52.0,48.0,45.0,49.0
NUSA.JK,Sinergi Megah Internusa Tbk PT,48324.99,170680.88,-782234.38,0.03,-15.52,2.0,53.0,50.0,52.0,55.0
BEHT.BO,Best Eastern Hotels Ltd,40842.46,546274.51,475933.25,0.71,-0.05,0.88,45.0,48.0,49.0,49.0
ASPL1.CY,Aphrodite Springs Public Ltd,36559.58,215674869.0,91286215.0,0.0,-1.0,0.0,54.0,54.0,51.0,51.0
NEOL.BX,Neptun Olimp SA,32234.77,174975.28,11135.9,0.06,-3.27,0.0,52.0,53.0,48.0,51.0
AKDH.PSX,AKD Hospitality Ltd,26403.18,0.0,88671254.0,0.0,-1.0,0.57,50.0,47.0,52.0,58.0
PLAN.JK,Planet Properindo Jaya Tbk PT,11547.99,462508.81,104719.73,0.07,-0.15,0.35,48.0,53.0,51.0,51.0
SAYO.BO,Sayaji Hotels (Pune) Ltd,4769.35,0.0,86599977.0,0.0,-1.0,0.09,50.0,45.0,47.0,53.0
DAWN.ZI,Dawn Properties Ltd,3580.99,2053.76,82599250.0,0.05,0.59,0.05,47.0,48.0,53.0,55.0
INTG.OQ,InterGroup Corp,212033349.0,47219000.0,11135000.0,0.35,-0.19,2.0,49.0,47.0,44.0,52.0
WOOD.BO,Woodsvilla Ltd,203390018.0,241598405.0,84653865.0,0.0,-1.0,2.0,49.0,48.0,53.0,57.0
LOIS.BO,Lords Ishwar Hotels Ltd,207774990.0,240510793.0,83179952.0,0.0,-1.0,2.0,54.0,48.0,45.0,58.0
BUHF.PK,Buck Hill Falls Co,204082630.0,220741132.0,93849737.0,0.0,-1.0,2.0,49.0,47.0,52.0,55.0
CNDL.PK,WCH Inc,221672750.0,131053000.0,63060000.0,0.0,-0.02,2.0,46.0,47.0,44.0,54.0
HOIN.EUA,Societe Hoteliere et Immobiliere de Nice SA,222222844.0,208449486.0,77742929.0,0.0,-1.0,2.0,52.0,52.0,44.0,56.0
HOMJ.EUA,Soc Immobiliere et Exploit Hotel Majesti SA,209603534.0,32844547.46,92147226.0,0.0,-1.0,2.0,54.0,48.0,50.0,49.0
GWYT.PK,Greenway Technology,215540563.0,204371915.0,87342354.0,0.0,-1.0,2.0,53.0,50.0,49.0,56.0
PRSI.PK,Portsmouth Square Inc,222625460.0,31534000.0,4144000.0,0.62,-0.21,2.0,51.0,52.0,47.0,57.0
BFHJ.PK,Beneficial Holdings Inc,190635411.0,209755817.0,78638132.0,0.0,-1.0,2.0,50.0,47.0,48.0,50.0
SKTP.PK,Skytop Lodge Corp,211512098.0,224120557.0,78973813.0,0.0,-1.0,2.0,53.0,53.0,45.0,48.0
HPST.PK,Parliament House Enterprises Inc,221578635.0,222140271.0,87932508.0,0.0,-1.0,2.0,50.0,47.0,51.0,49.0
1KSP01AE.BV,Kupele Strbske Pleso as,209530694.0,241858618.0,78538035.0,0.0,-1.0,2.0,51.0,46.0,47.0,57.0
ULSP.PK,Ultimate Sports Entertainment Inc,224746219.0,210212551.0,91100952.0,0.0,-1.0,2.0,50.0,50.0,48.0,51.0
LEIC.PK,Lead Innovation Corp,204178938.0,204739457.0,85353721.0,0.0,-1.0,2.0,46.0,54.0,44.0,52.0
POLH.BO,Polo Hotels Ltd,215489485.0,206944713.0,80046006.0,0.0,-1.0,2.0,49.0,48.0,47.0,51.0
ROANTA.BX,Romanta Estival 2002 SA,204273434.0,207160442.0,80186061.0,0.0,-1.0,2.0,52.0,51.0,44.0,54.0
ROBALN.BX,Societatea Comerciala de Tratament Balnear Buzias SA,206588909.0,235093121.0,86045569.0,0.0,-1.0,2.0,46.0,53.0,46.0,56.0
BIBU.BX,Biroul de Turism pentru Tineret BTT SA,221778387.0,243048101.0,78173414.0,0.0,-1.0,2.0,53.0,49.0,51.0,57.0
BLEA.BX,Balea Estival 2002 SA,194333295.0,243425969.0,85351919.0,0.0,-1.0,2.0,53.0,50.0,49.0,56.0
BNAT.BX,Banat Estival 2002 SA,223020541.0,210472170.0,88891490.0,0.0,-1.0,2.0,47.0,48.0,45.0,52.0
ROCLUB.BX,Hotel Club Estival 2002 SA,197223968.0,236935422.0,82565335.0,0.0,-1.0,2.0,54.0,53.0,53.0,57.0
DOIS.BX,Dorna Turism SA,200956712.0,232641653.0,92083843.0,0.0,-1.0,2.0,48.0,51.0,48.0,56.0
PRAH.BX,Prahova Estival 2002 SA,217489316.0,230924033.0,84860927.0,0.0,-1.0,2.0,50.0,47.0,47.0,51.0
TERA.BX,Terra Estival 2002 SA,189375419.0,213832243.0,90012378.0,0.0,-1.0,2.0,47.0,53.0,51.0,54.0
TSND.BX,Tusnad SA,198174057.0,213961203.0,80925320.0,0.0,-1.0,2.0,53.0,51.0,53.0,57.0
UCET.BX,Clabucet Estival 2002 SA,222972234.0,202159574.0,89627267.0,0.0,-1.0,2.0,47.0,46.0,50.0,57.0
CH139553=BEKB,Suvretta Haus AG,212108884.0,239274568.0,89615914.0,0.0,-1.0,2.0,54.0,54.0,45.0,51.0
CH1955690=BEKB,Cresta Palace Celerina AG,226808663.0,222772944.0,91872995.0,0.0,-1.0,2.0,48.0,50.0,47.0,51.0
PARC.BX,Parc SA,204770690.0,237553769.0,81036631.0,0.0,-1.0,2.0,46.0,52.0,48.0,50.0
SHCK.KW,Sokouk Holding Co KSCP,194851853.0,6371131.63,-937113.16,0.04,-2.22,0.95,45.0,47.0,47.0,52.0
WIVA.AM,Winter Valley Tourism Investment Company PSC,222385958.0,1468212.67,-968042.99,0.0,-1.45,2.0,54.0,52.0,48.0,52.0
KPNK.BEL,Kopaonik ad Blace,190089494.0,241751973.0,90946054.0,0.0,-1.0,2.0,51.0,49.0,46.0,50.0
PLSD.BEL,Palisad ad Zlatibor,206160095.0,232421268.0,84475433.0,0.0,-1.0,2.0,47.0,47.0,48.0,48.0
PTNK.BEL,Putnik ad Beograd,210837077.0,210470085.0,85517682.0,0.0,-1.0,2.0,46.0,52.0,47.0,49.0
STIS.BEL,Srbija Tis ad Zajecar,227934863.0,240354389.0,82235132.0,0.0,-1.0,2.0,54.0,53.0,51.0,48.0
ZLTR.BEL,Zlatar ad Nova Varos,197474492.0,221577850.0,92132399.0,0.0,-1.0,2.0,46.0,47.0,45.0,56.0
SLVA.BEL,Sloga ad Valjevo,212319708.0,206996239.0,80368979.0,0.0,-1.0,2.0,47.0,50.0,50.0,49.0
GRZA.BEL,Grza Turist ad Paracin,222846910.0,231508016.0,86075144.0,0.0,-1.0,2.0,54.0,52.0,45.0,49.0
SLGU.BEL,Sloga ad Uzice,197074918.0,242008331.0,81953549.0,0.0,-1.0,2.0,51.0,53.0,50.0,48.0
BLCR.BEL,UTP Bela Crkva ad Bela Crkva,208941010.0,206308601.0,82059309.0,0.0,-1.0,2.0,45.0,53.0,52.0,49.0
VISZ.ZA,VIS dd,216157063.0,233350119.0,79405985.0,0.0,-1.0,2.0,48.0,50.0,48.0,53.0
BGSE.DH,Bangladesh Services Ltd,215342865.0,243779722.0,82736871.0,0.0,-1.0,2.0,52.0,49.0,48.0,49.0
JSNV.BEL,Jasenovo ad Nova Varos,222517035.0,224893570.0,93873143.0,0.0,-1.0,2.0,52.0,47.0,48.0,54.0
BRCI.BEL,Borici ad Sjenica,208139156.0,206050536.0,92454299.0,0.0,-1.0,2.0,51.0,47.0,46.0,53.0
SBAC.BEL,UTP Srednja Backa ad Kula,210498381.0,211428109.0,92334665.0,0.0,-1.0,2.0,53.0,48.0,47.0,53.0
HTAD.SJ,HUT Aduna dd Bihac,223815511.0,203326891.0,90343333.0,0.0,-1.0,2.0,48.0,54.0,52.0,57.0
VJDN.BEL,Vojvodina ad Novi Sad,198841925.0,206865546.0,81715311.0,0.0,-1.0,2.0,54.0,49.0,45.0,49.0
PUNS.BEL,Putnik ad Novi Sad,193398979.0,224666769.0,89890783.0,0.0,-1.0,2.0,45.0,52.0,48.0,54.0
BRJE.BJ,Borje ad Kotor Varos,224121897.0,232923088.0,84092367.0,0.0,-1.0,2.0,52.0,54.0,51.0,56.0
GACK.BJ,Gacko UIT ad Gacko,222714052.0,202042330.0,89779979.0,0.0,-1.0,2.0,50.0,47.0,50.0,54.0
HTLP.BJ,Hotel Prijedor ad Prijedor,226945090.0,209330878.0,80189453.0,0.0,-1.0,2.0,47.0,46.0,52.0,52.0
KZTR.BJ,Kozaraturist UTP ad Prijedor u stecaju,202022130.0,226552617.0,94210493.0,0.0,-1.0,2.0,46.0,49.0,47.0,56.0
HPAL.BJ,Hotel Palas ad Banja Luka,199521190.0,238086593.0,89353940.0,0.0,-1.0,2.0,47.0,48.0,47.0,53.0
PANS.BJ,Panos UTP ad Visegrad,227393790.0,235706177.0,85984070.0,0.0,-1.0,2.0,49.0,46.0,45.0,56.0
SVGR.BJ,Sava ad Gradiska,207336419.0,225470606.0,91901558.0,0.0,-1.0,2.0,50.0,45.0,47.0,52.0
VCVO.BJ,Vucevo ad Foca u likvidaciji,197753256.0,207164562.0,77423610.0,0.0,-1.0,2.0,47.0,50.0,53.0,49.0
BKMG.BJ,TC Balkana ad Mrkonjic Grad,209204566.0,222709419.0,91342899.0,0.0,-1.0,2.0,52.0,52.0,48.0,52.0
MJVC.BJ,Majevica ad Lopare,201797549.0,232302139.0,93549418.0,0.0,-1.0,2.0,48.0,46.0,49.0,49.0
SKCN.BJ,Sokocnica ad Sipovo,191222677.0,230020414.0,86980004.0,0.0,-1.0,2.0,50.0,52.0,46.0,53.0
STGR.BJ,Stari Grad ad Zvornik,220303508.0,238379800.0,92888067.0,0.0,-1.0,2.0,53.0,44.0,48.0,55.0
JAMH.BO,James Hotels Ltd,197562444.0,210630180.0,81259834.0,0.0,-1.0,2.0,46.0,49.0,51.0,55.0
BRSK.MOT,TUP Brskovo Bijelo Polje ad,210729160.0,235446281.0,83342971.0,0.0,-1.0,2.0,54.0,51.0,49.0,56.0
COIG.MOT,Centar za Odmor Rekreaciju i Lijecenje Igalo ad Igalo,215633350.0,244922158.0,80725587.0,0.0,-1.0,2.0,48.0,47.0,48.0,51.0
HOMO.MOT,Hotel Ravnjak ad Podgorica,218451376.0,229943495.0,88536654.0,0.0,-1.0,2.0,52.0,49.0,52.0,50.0
JEKO.MOT,Jekon ad Bijelo Polje,226966865.0,207599589.0,87747739.0,0.0,-1.0,2.0,50.0,49.0,48.0,56.0
MESY.MOT,Mercur System ad Budva u stecaju,215882927.0,208675633.0,78636529.0,0.0,-1.0,2.0,53.0,51.0,47.0,57.0
PLAJ.MOT,Plavsko Jezero Plav ad u stecaju,199210132.0,213638015.0,89501927.0,0.0,-1.0,2.0,50.0,47.0,52.0,52.0
SIMI.MOT,Societa Italo Montenegrina Investimenti ad Podgorica,224200971.0,218171284.0,78686692.0,0.0,-1.0,2.0,49.0,44.0,45.0,53.0
TEKR.MOT,HTP Trend Korali ad Sutomore,198016919.0,222025371.0,92395985.0,0.0,-1.0,2.0,47.0,51.0,44.0,49.0
TURJ.MOT,Turjak ad Rozaje,216558720.0,228452961.0,81375747.0,0.0,-1.0,2.0,51.0,45.0,46.0,51.0
BERA.MOT,HTP Berane ad Berane,213541571.0,244518449.0,89296961.0,0.0,-1.0,2.0,51.0,47.0,50.0,49.0
CRNA.MOT,UTIP Crna Gora ad Podgorica,195187833.0,220630187.0,90037318.0,0.0,-1.0,2.0,54.0,46.0,45.0,52.0
FJOK.MOT,HP Fjord ad Kotor,218083383.0,234822281.0,77749222.0,0.0,-1.0,2.0,50.0,45.0,49.0,50.0
HOTA.MOT,UTP Tara ad Pljevlja,190888654.0,204510854.0,86524205.0,0.0,-1.0,2.0,46.0,54.0,45.0,54.0
SINJ.MOT,Sinjavina ad Mojkovac,212336157.0,205961677.0,90374696.0,0.0,-1.0,2.0,47.0,52.0,47.0,52.0
STAR.MOT,Stara Tara ad Pljevlja,227299891.0,244433949.0,79436247.0,0.0,-1.0,2.0,47.0,51.0,49.0,48.0
RBGU.BO,Aarcon Facilities Ltd,190768757.0,227508960.0,93609082.0,0.0,-1.0,2.0,53.0,50.0,48.0,54.0
VAC.N,Marriott Vacations Worldwide Corp,226285058.0,3890000000.0,1903000000.0,0.42,0.01,1.51,51.61,43.81,49.78,61.39
PRMC.BB,Primorsko Club EAD,194324262.0,202326882.0,86611062.0,0.0,-1.0,2.0,51.0,52.0,47.0,55.0
DEBA.MKE,Debarski Banji Capa AD Debar,225020763.0,238877432.0,93997184.0,0.0,-1.0,2.0,46.0,45.0,48.0,51.0
ILKR.MKE,Montana Biznis DOO Krusevo,213349560.0,219651322.0,82926484.0,0.0,-1.0,2.0,50.0,45.0,45.0,50.0
INDI.MKE,Ineks Drim AD Struga,227673772.0,226112336.0,87654189.0,0.0,-1.0,2.0,54.0,53.0,50.0,55.0
HPAL.ISX,Palestine International Hotel Co,203814749.0,211590644.0,88305992.0,0.0,-1.0,2.0,54.0,51.0,51.0,55.0
KSTUR.IS,Kustur Kusadasi Turizm Endustrisi AS,201701415.0,242465352.0,82368025.0,0.0,-1.0,2.0,51.0,51.0,46.0,52.0
ANIL.CM,Anilana Hotels & Properties PLC,214514011.0,232303653.0,87621260.0,0.0,-1.0,2.0,49.0,47.0,48.0,52.0
BRRE.PK,Blue Ridge Real Estate Co,193974608.0,14554520.0,13131190.0,0.72,0.37,0.0,55.0,50.0,46.0,55.0
MSH.MNE,Mongol Shiltgeen JSC,190967624.0,234443179.0,80512458.0,0.0,-1.0,2.0,47.0,50.0,50.0,48.0
DZG.MNE,Darkhan Zochid Buudal JSC,227072812.0,222501670.0,77651770.0,0.0,-1.0,2.0,55.0,48.0,49.0,48.0
BNG.MNE,Bayangol Hotel JSC,207633254.0,207533769.0,92447144.0,0.0,-1.0,2.0,53.0,53.0,45.0,50.0
BANS.CM,Bansei Royal Resorts Hikkaduwa PLC,201318433.0,225526450.0,85519148.0,0.0,-1.0,2.0,55.0,45.0,46.0,55.0
WLRL.BO,West Leisure Resorts Ltd,223719794.0,23714.98,84415186.0,0.01,-1.4,0.0,52.0,52.0,47.0,53.0
ABNI.NS,A B N Intercorp Ltd,227025092.0,239817397.0,88031472.0,0.0,-1.0,2.0,48.0,44.0,50.0,50.0
GIRN.NS,GIR Natureview Resorts Ltd,194720126.0,201471857.0,91635037.0,0.0,-1.0,2.0,46.0,46.0,45.0,52.0
PLYA.OQ,Playa Hotels & Resorts NV,207126845.0,534639000.0,201854000.0,0.26,-0.17,1.81,18.2,9.77,19.58,23.72
HGV.N,Hilton Grand Vacations Inc,204174409.0,2335000000.0,775000000.0,0.42,0.08,2.13,32.58,25.18,35.48,34.87
VGF.GQ,Valle Grande SA,187363955.0,230379481.0,87951015.0,0.0,-1.0,2.0,47.0,51.0,53.0,49.0
ZATG.LJ,Terme Olimia dd,225176176.0,230153370.0,84577746.0,0.0,-1.0,2.0,54.0,47.0,48.0,54.0
AAT.NH,Australian Adventure Tourism Group Ltd,223453722.0,221929641.0,82742270.0,0.0,-1.0,2.0,53.0,48.0,46.0,49.0
XFUND.JS,Sagicor Real Estate X Fund Ltd,224940614.0,218635055.0,78212540.0,0.0,-1.0,2.0,47.0,53.0,52.0,53.0
RENH.CM,Renuka Hotels PLC,207738133.0,211062918.0,77270152.0,0.0,-1.0,2.0,48.0,50.0,44.0,51.0
RIVE.M3,River Front Hotels Ltd,211236354.0,231642938.0,92641624.0,0.0,-1.0,2.0,51.0,46.0,48.0,50.0
HOFV.OQ,Hall of Fame Resort & Entertainment Co,194153484.0,10770380.0,6361690.0,0.03,-8.65,0.49,54.0,45.0,49.0,51.0
MAHT.BO,Mac Hotels Ltd,208550451.0,239369022.0,88272611.0,0.0,-1.0,2.0,50.0,45.0,50.0,48.0
138SL.JS,138 Student Living Jamaica Ltd,226475468.0,208130437.0,84529440.0,0.0,-1.0,2.0,53.0,46.0,52.0,54.0
ULTIMA.BN,Ultima Capital SA,203990276.0,227301995.0,77577557.0,0.0,-1.0,2.0,51.0,45.0,45.0,52.0
SSHO.MOT,Sveti Stefan Hoteli ad Budva,224789143.0,234831691.0,93233644.0,0.0,-1.0,2.0,50.0,52.0,46.0,55.0
HSLG.LJ,Hotel Slon dd,225128006.0,241228680.0,88359762.0,0.0,-1.0,2.0,50.0,48.0,50.0,49.0
SHBR.LJ,Sava Turizem dd,199453482.0,226660186.0,88450224.0,0.0,-1.0,2.0,50.0,46.0,53.0,54.0
BCV.HNO,Vimico Cao Bang Bang Giang Travel and Trading JSC,217035546.0,210082270.0,86866064.0,0.0,-1.0,2.0,53.0,48.0,49.0,48.0
SILP.BO,Silver Pearl Hospitality & Luxury Spaces Ltd,218337211.0,210421241.0,85370046.0,0.0,-1.0,2.0,46.0,54.0,46.0,51.0
MLHBP.EUA,Hoteles BESTPRICE SA,200976046.0,223641894.0,93302175.0,0.0,-1.0,2.0,48.0,45.0,49.0,51.0
BEST.DH,Best Holdings Ltd,217843649.0,233776910.0,90967355.0,0.0,-1.0,2.0,53.0,54.0,48.0,48.0
BHIp.MZ,Beachcomber Hospitality Investments Ltd,187826738.0,234097409.0,89571052.0,0.0,-1.0,2.0,51.0,52.0,50.0,52.0
CAVT.MZ,Cavell Touristic Investments Ltd,190760760.0,240547090.0,86790936.0,0.0,-1.0,2.0,45.0,52.0,47.0,48.0
SAYI.BO,Sayaji Hotels (Indore) Ltd,223920927.0,209324077.0,88968634.0,0.0,-1.0,2.0,47.0,54.0,45.0,51.0
SOGES.MI,Soges Group SpA,226007106.0,203177689.0,87810884.0,0.0,-1.0,2.0,48.0,53.0,50.0,53.0
LOT.MNE,Grand Systems JSC,191844212.0,201778197.0,84865333.0,0.0,-1.0,2.0,53.0,46.0,44.0,49.0
